date,views,views_unique,clones,clones_unique
2026-06-23,0,0,0,0
2026-06-24,0,0,0,0
2026-06-25,0,0,0,0
2026-06-26,0,0,0,0
2026-06-27,0,0,0,0
2026-06-28,0,0,0,0
2026-06-29,0,0,0,0
2026-06-30,0,0,0,0
2026-07-01,0,0,0,0
2026-07-02,0,0,0,0
2026-07-03,0,0,0,0
2026-07-04,0,0,0,0
2026-07-05,0,0,0,0
2026-07-06,10,1,48,29
2026-07-07,2,1,33,20
2026-07-08,0,0,2,2
2026-07-09,1,1,2,2
2026-07-10,0,0,18,17
2026-07-11,0,0,1,1
2026-07-12,0,0,11,7
2026-07-13,0,0,3,3
2026-07-14,0,0,7,7
2026-07-15,0,0,0,0
2026-07-16,0,0,0,0
2026-07-17,0,0,1,1
2026-07-18,0,0,0,0
2026-07-19,0,0,3,3
2026-07-20,0,0,2,2
2026-07-21,0,0,2,2
2026-07-22,0,0,3,3
2026-07-23,0,0,1,1
2026-07-24,1,1,1,1
2026-07-25,0,0,1,1
2026-07-26,0,0,9,6
2026-07-27,0,0,0,0
2026-07-28,0,0,1,1
2026-07-29,0,0,0,0
2026-07-30,2,2,1,1
2026-07-31,0,0,1,1
